ETF Code,ETF Name,Fund Cash Component,Shares Outstanding,Fund Date,source,Cash & Others,AUM,n,lenb,flag_cash1,flag_cash2,,,,,TRUE,FALSE
346A,NEXT FUNDS S&P 500 Semiconductors & Semiconductor Equipment (Industry Group) 35% Capped Index Exchange Traded Fund,"4,833,416","640,000",20251204,ice,,,1,114,FALSE,TRUE,,,,TRUE,0,38
2512,NEXT FUNDS International Bond FTSE World Government Bond Index (ex Japan Yen-Hedged) Exchange Traded Fund,"586,192,864","209,840,000",20251204,ice,,,1,105,FALSE,TRUE,,,,FALSE,303,0
2511,NEXT FUNDS International Bond FTSE World Government Bond Index (ex Japan Unhedged) Exchange Traded Fund,"10,997,087","48,250,000",20251204,ice,,,1,103,FALSE,TRUE,,,,,,
2552,Listed Index Fund J-REIT (Tokyo Stock Exchange REIT Index) Bi-Monthly Dividend Payment Type (Mini),,"21,862,404",20251204,ihs,"4,469,744","46,852,417,616",1,98,TRUE,FALSE,,,,,,
2515,NEXT FUNDS International REIT S&P Developed REIT Index (ex Japan Unhedged) Exchange Traded Fund,"12,360,123","21,050,000",20251204,ice,,,1,95,FALSE,TRUE,,,,,,
2554,NEXT FUNDS Bloomberg Barclays US Intermediate Corporate Index (JPY Hedged) Exchange Traded Fund,"-1,311,218","21,610,000",20251204,ice,,,1,95,FALSE,TRUE,,,,,,
2245,NEXT FUNDS Bloomberg Germany Treasury Bond (7-10 year) Index (Yen-Hedged) Exchange Traded Fund,"-2,211,263","1,710,000",20251204,ice,,,1,94,FALSE,TRUE,,,,,,
2246,NEXT FUNDS Bloomberg France Treasury Bond (7-10 year) Index (Yen-Hedged) Exchange Traded Fund,"824,574","300,000",20251204,ice,,,1,93,FALSE,TRUE,,,,,,
376A,NEXT FUNDS Bloomberg US Treasury Bond (7-10 year) Index (75% Yen-Hedged) Exchange Traded Fund,"6,781,954","88,000",20251204,ice,,,1,93,FALSE,TRUE,,,,,,
1345,Listed Index Fund J-REIT (Tokyo Stock Exchange REIT Index) Bi-Monthly Dividend Payment Type,,"95,582,738",20251204,ihs,"4,981,668","192,774,293,168",1,91,TRUE,FALSE,,,,,,
2648,NEXT FUNDS Bloomberg US Treasury Bond (7-10 year) Index (Yen-Hedged) Exchange Traded Fund,"31,697,780","13,160,000",20251204,ice,,,1,89,FALSE,TRUE,,,,,,
2647,NEXT FUNDS Bloomberg US Treasury Bond (7-10 year) Index (Unhedged) Exchange Traded Fund,"5,279,989","1,898,000",20251204,ice,,,1,87,FALSE,TRUE,,,,,,
2519,NEXT FUNDS Emerging Market Bond J.P. Morgan EMBI Plus (Unhedged) Exchange Traded Fund,"2,208,341","3,260,000",20251204,ice,,,1,85,FALSE,TRUE,,,,,,
412A,NEXT FUNDS TIP FactSet Taiwan Innovative Technology 50 Index Exchange Traded Fund,"1,682,253","672,000",20251204,ice,,,1,81,FALSE,TRUE,,,,,,
1490,Listed Index Fund MSCI Japan Equity High Dividend Low Volatility (Beta Hedged),,"175,600",20251204,ihs,"991,520,766","1,335,333,116",1,78,TRUE,FALSE,,,,,,
1677,Listed Index Fund International Bond (Citi WGBI) Monthly Dividend Payment Type,,"548,310",20251204,ihs,"364,260,223","32,696,222,350",1,78,TRUE,FALSE,,,,,,
2514,NEXT FUNDS International Equity MSCI-KOKUSAI (Yen-Hedged) Exchange Traded Fund,"122,185,832","2,450,000",20251204,ice,,,1,78,FALSE,TRUE,,,,,,
1489,NEXT FUNDS Nikkei 225 High Dividend Yield Stock 50 Index Exchange Traded Fund,"10,915,866,405","166,889,731",20251204,ice,,,1,77,FALSE,TRUE,,,,,,
294A,NEXT FUNDS MSCI Global Climate 500 Japan Selection Index Exchange Traded Fund,"1,663,718,038","31,415,481",20251204,ice,,,1,77,FALSE,TRUE,,,,,,
1485,MAXIS JAPAN Proactive Investment in Physical and Human Capital 200 Index ETF,"99,189,137","87,695",20251204,ice,,,1,76,FALSE,TRUE,,,,,,
2513,NEXT FUNDS International Equity MSCI-KOKUSAI (Unhedged) Exchange Traded Fund,"14,106,935","22,410,000",20251204,ice,,,1,76,FALSE,TRUE,,,,,,
2853,iShares Climate Risk-Adjusted Global ex Japan Government Bond JPY Hedged ETF,"32,434,092","4,541,240",20251204,ice,,,1,76,FALSE,TRUE,,,,,,
1680,Listed Index Fund International Developed Countries Equity (MSCI-KOKUSAI),,"4,260,470",20251204,ihs,"-299,501,575","31,338,702,845",1,73,TRUE,FALSE,,,,,,
1681,Listed Index Fund International Emerging Countries Equity (MSCI EMERGING),,"3,990,630",20251204,ihs,"-8,550,619","10,784,252,374",1,73,TRUE,FALSE,,,,,,
2520,NEXT FUNDS Emerging Market Equity MSCI-EM (Unhedged) Exchange Traded Fund,"12,858,722","1,950,000",20251204,ice,,,1,73,FALSE,TRUE,,,,,,
1480,NEXT FUNDS Nomura Enterprise Value Allocation Index Exchange Traded Fund,"228,167,881","426,222",20251204,ice,,,1,72,FALSE,TRUE,,,,,,
2518,NEXT FUNDS MSCI Japan Empowering Women Select Index Exchange Traded Fund,"345,096,759","6,522,794",20251204,ice,,,1,72,FALSE,TRUE,,,,,,
443A,iFreeETF Tokyo Stock Exchange REIT Index (Feb/May/Aug/Nov Dividend Type),"8,020,933","247,725",20251204,ihs,,,1,72,FALSE,TRUE,,,,,,
2858,Global X Nikkei 225 Covered Call ETF (option premium reinvestment type),"57,634,045","200,000",20251204,ice,,,1,71,FALSE,TRUE,,,,,,
2093,Listed Tracers US Government Bond 0-2years Ladder (No Currency Hedge),,"374,850",20251204,ihs,"38,877,675","1,937,227,893",1,69,TRUE,FALSE,,,,,,
1577,NEXT FUNDS Nomura Japan Equity High Dividend 70 Exchange Traded Fund,"1,410,330,469","3,971,073",20251204,ice,,,1,68,FALSE,TRUE,,,,,,
2251,NEXT FUNDS JPX JGB Futures Double Inverse Index Exchange Traded Fund,"2,236,684,718","2,700,000",20251204,ice,,,1,68,FALSE,TRUE,,,,,,
1472,NEXT FUNDS JPX-Nikkei 400 Double Inverse Index Exchange Traded Fund,"119,543,994","900,000",20251204,ice,,,1,67,FALSE,TRUE,,,,,,
1625,NEXT FUNDS TOPIX-17 ELECTRIC APPLIANCES & PRECISION INSTRUMENTS ETF,"19,246,424","173,380",20251204,ice,,,1,67,FALSE,TRUE,,,,,,
2088,NZAM Dow Jones Industrial Average JPY Hedged (TTM) (Japan Calendar),"13,595,785","1,605,000",20251204,ihs,,,1,67,FALSE,TRUE,,,,,,
1699,NEXT FUNDS NOMURA Crude Oil Long Index Linked Exchange Traded Fund,"15,771,093,613","58,320,000",20251204,ice,,,1,66,FALSE,TRUE,,,,,,
2643,NEXT FUNDS MSCI Japan Country Selection Index Exchange Traded Fund,"38,920,339","616,635",20251204,ice,,,1,66,FALSE,TRUE,,,,,,
364A,NEXT FUNDS S&P 500 Dividend Aristocrats Index Exchange Traded Fund,"1,364,907","290,000",20251204,ice,,,1,66,FALSE,TRUE,,,,,,
2084,NEXT FUNDS Japan High Dividend Equity Active Exchange Traded Fund,"130,055,203","4,136,000",20251204,ice,,,1,65,FALSE,TRUE,,,,,,
1399,Listed Index Fund MSCI Japan Equity High Dividend Low Volatility,,"3,176,159",20251204,ihs,"97,219,718","8,439,288,698",1,64,TRUE,FALSE,,,,,,
2844,Listed Index Fund Australian Government Bond (No Currency Hedge),,"2,091,620",20251204,ihs,"132,414,904","10,913,279,071",1,64,TRUE,FALSE,,,,,,
200A,NEXT FUNDS Nikkei Semiconductor Stock Index Exchange Traded Fund,"67,687,194","8,376,394",20251204,ice,,,1,64,FALSE,TRUE,,,,,,
1357,NEXT FUNDS Nikkei 225 Double Inverse Index Exchange Traded Fund,"153,201,969,692","25,512,000",20251204,ice,,,1,63,FALSE,TRUE,,,,,,
2019,Global X U.S. Preferred Security ETF (Bi-monthly dividend type),"68,385","1,720,000",20251205,solactive,,,1,63,FALSE,TRUE,,,,,,
1622,NEXT FUNDS TOPIX-17 AUTOMOBILES & TRANSPORTATION EQUIPMENT ETF,"12,978,728","108,439",20251204,ice,,,1,62,FALSE,TRUE,,,,,,
1698,Listed Index Fund Japan High Dividend (TSE Dividend Focus 100),,"14,462,740",20251204,ihs,"916,636","52,997,405,386",1,62,TRUE,FALSE,,,,,,
2860,NEXT FUNDS German Equity DAX (Yen-Hedged) Exchange Traded Fund,"71,608,065","1,638,000",20251204,ice,,,1,62,FALSE,TRUE,,,,,,
238A,iShares 25+ Year US Treasury Bond Long Duration JPY Hedged ETF,"15,326,802","19,100,000",20251204,ice,,,1,62,FALSE,TRUE,,,,,,
2843,Listed Index Fund Australian Government Bond (Currency Hedge),,"2,019,870",20251204,ihs,"7,957,687,368","7,805,681,585",1,61,TRUE,FALSE,,,,,,
467A,Global X USD Investment Grade Corporate Bond ETF (JPY Hedged),"1,408,942","440,000",20251205,solactive,,,1,61,FALSE,TRUE,,,,,,
1546,NEXT FUNDS Dow Jones Industrial Average Exchange Traded Fund,"24,090,835","339,690",20251204,ice,,,1,60,FALSE,TRUE,,,,,,
2861,Listed Index Fund France Government Bond (No Currency Hedge),,"124,740",20251204,ihs,"17,318,187","723,416,727",1,60,TRUE,FALSE,,,,,,
2235,Listed Index Fund US Equity (Dow Average) No Currency Hedge,,"896,500",20251204,ihs,"-63,977,351","2,904,059,269",1,59,TRUE,FALSE,,,,,,
2529,NEXT FUNDS Nomura Shareholder Yield 70 Exchange Traded Fund,"1,433,886,602","24,088,825",20251204,ice,,,1,59,FALSE,TRUE,,,,,,
1570,NEXT FUNDS Nikkei 225 Leveraged Index Exchange Traded Fund,"383,416,648,461","9,060,000",20251204,ice,,,1,58,FALSE,TRUE,,,,,,
2083,NEXT FUNDS Japan Growth Equity Active Exchange Traded Fund,"24,751,236","870,000",20251204,ice,,,1,58,FALSE,TRUE,,,,,,
2845,NEXT FUNDS NASDAQ-100(R) (Yen-Hedged) Exchange Traded Fund,"495,656,844","5,285,000",20251204,ice,,,1,58,FALSE,TRUE,,,,,,
2859,NEXT FUNDS EURO STOXX 50 (Yen-Hedged) Exchange Traded Fund,"76,581,751","1,748,150",20251204,ice,,,1,58,FALSE,TRUE,,,,,,
451A,State Street SPDR S&P 500 High Dividend ETF (JPY Unhedged),"-13,400","1,120,000",20251204,ice,,,1,58,FALSE,TRUE,,,,,,
2568,Listed Index Fund US Equity (NASDAQ100) No Currency Hedge,,"2,198,120",20251204,ihs,"-9,291,835","15,026,865,599",1,57,TRUE,FALSE,,,,,,
2862,Listed Index Fund France Government Bond (Currency Hedge),,"1,959,240",20251204,ihs,"8,030,017,093","7,900,347,640",1,57,TRUE,FALSE,,,,,,
399A,Listed Index Fund Nikkei 225 High Dividend Yield Stock 50,,"15,015,515",20251204,ihs,"51,776,050","27,193,403,600",1,57,TRUE,FALSE,,,,,,
1560,NEXT FUNDS FTSE Bursa Malaysia KLCI Exchange Traded Fund,"820,640","150,000",20251204,ice,,,1,56,FALSE,TRUE,,,,,,
1571,NEXT FUNDS Nikkei 225 Inverse Index Exchange Traded Fund,"23,290,059,113","55,210,000",20251204,ice,,,1,56,FALSE,TRUE,,,,,,
2562,Listed Index Fund US Equity (Dow Average) Currency Hedge,,"8,749,531",20251204,ihs,"28,604,880,776","29,666,524,087",1,56,TRUE,FALSE,,,,,,
1479,iFreeETF MSCI Japan Human and Physical Investment Index,"1,933,249,090","1,965,453",20251204,ihs,,,1,55,FALSE,TRUE,,,,,,
2259,iShares 7-10 Year France Government Bond JPY Hedged ETF,"105,216,383","53,265,580",20251204,ice,,,1,55,FALSE,TRUE,,,,,,
1499,MAXIS Japan Equity High Dividend 70 Market Neutral ETF,"218,150,641","920,000",20251204,ice,,,1,54,FALSE,TRUE,,,,,,
2095,Global X S&P 500 Dividend Aristocrats ETF (JPY Hedged),"2,098,012","200,000",20251205,solactive,,,1,54,FALSE,TRUE,,,,,,
2569,Listed Index Fund US Equity (NASDAQ100) Currency Hedge,,"7,169,080",20251204,ihs,"26,767,245,027","27,382,081,808",1,54,TRUE,FALSE,,,,,,
1322,Listed Index Fund China A Share (Panda) E Fund CSI300,,"261,914",20251204,ihs,"-26,836,679","2,818,524,492",1,53,TRUE,FALSE,,,,,,
1481,Listed Index Fund Japanese Economy Contributor Stocks,,"1,533,919",20251204,ihs,"694,170","4,993,489,910",1,53,TRUE,FALSE,,,,,,
1555,Listed Index Fund Australian REIT (S&P/ASX200 A-REIT),,"3,966,720",20251204,ihs,"17,762,546","9,729,645,080",1,53,TRUE,FALSE,,,,,,
2085,MAXIS High Dividend Japan Equity Actively Managed ETF,"229,394,745","14,158,620",20251204,ice,,,1,53,FALSE,TRUE,,,,,,
2510,NEXT FUNDS Japan Bond NOMURA-BPI Exchange Traded Fund,"1,187,158,199","234,600,000",20251204,ice,,,1,53,FALSE,TRUE,,,,,,
1477,iShares MSCI Japan Minimum Volatility (ex-REITs) ETF,"121,209,002","5,915,481",20251204,ice,,,1,52,FALSE,TRUE,,,,,,
1591,NEXT FUNDS JPX-Nikkei Index 400 Exchange Traded Fund,"39,918,408,710","64,476,460",20251204,ice,,,1,52,FALSE,TRUE,,,,,,
1629,NEXT FUNDS TOPIX-17 COMMERCIAL & WHOLESALE TRADE ETF,"17,950,818","145,168",20251204,ice,,,1,52,FALSE,TRUE,,,,,,
2239,Listed Index Fund S&P500 Futures Leveraged Two Times,,"70,200",20251204,ihs,"-1,589,355,233","1,587,278,756",1,52,TRUE,FALSE,,,,,,
2634,NEXT FUNDS S&P 500 (Yen-Hedged) Exchange Traded Fund,"658,884,554","14,995,530",20251204,ice,,,1,52,FALSE,TRUE,,,,,,
453A,iShares 20+ Year US Treasury Bond Premium Income ETF,"10,767,651","1,560,000",20251204,ice,,,1,52,FALSE,TRUE,,,,,,
1554,Listed Index Fund World Equity (MSCI ACWI) ex Japan,,"2,405,000",20251204,ihs,"-119,457,163","14,247,189,576",1,51,TRUE,FALSE,,,,,,
2521,Listed Index Fund US Equity (S&P500) Currency Hedge,,"21,817,887",20251204,ihs,"40,490,405,565","43,334,488,086",1,51,TRUE,FALSE,,,,,,
140A,iFreeETF 10-Year U.S. Treasury Note Futures Inverse,"343,480,421","195,333",20251204,ihs,,,1,51,FALSE,TRUE,,,,,,
159A,NEXT FUNDS JPX Prime 150 Index Exchange Traded Fund,"47,804,559","5,047,514",20251204,ice,,,1,51,FALSE,TRUE,,,,,,
237A,iShares 25+ Year US Treasury Bond Long Duration ETF,"2,293,076","15,400,000",20251204,ice,,,1,51,FALSE,TRUE,,,,,,
1628,NEXT FUNDS TOPIX-17 TRANSPORTATION & LOGISTICS ETF,"28,616,685","160,058",20251204,ice,,,1,50,FALSE,TRUE,,,,,,
2633,NEXT FUNDS S&P 500 (Unhedged) Exchange Traded Fund,"16,125,605","46,393,000",20251204,ice,,,1,50,FALSE,TRUE,,,,,,
396A,Sector Restructuring Select ETF Event-Driven REITs,"497,962","220,000",20251204,ice,,,1,50,FALSE,TRUE,,,,,,
465A,Global X Japan Nikkei225 Shareholder Return 40 ETF,"873,858","988,340",20251205,solactive,,,1,50,FALSE,TRUE,,,,,,
1466,iFreeETF JPX-Nikkei400 Double Inverse (-2x) Index,"132,682,616","391,906",20251204,ihs,,,1,49,FALSE,TRUE,,,,,,
1482,iShares US Treasury Bond 7-10 Year JPY Hedged ETF,"2,077,539,694","91,155,973",20251204,ice,,,1,49,FALSE,TRUE,,,,,,
1620,NEXT FUNDS TOPIX-17 RAW MATERIALS & CHEMICALS ETF,"4,615,330","46,757",20251204,ice,,,1,49,FALSE,TRUE,,,,,,
2846,NEXT FUNDS DJIA (Yen-Hedged) Exchange Traded Fund,"87,982,485","5,160,000",20251204,ice,,,1,49,FALSE,TRUE,,,,,,
223A,Global X Artificial Intelligence & Technology ETF,"601,230","990,000",20251205,solactive,,,1,49,FALSE,TRUE,,,,,,
1559,NEXT FUNDS Thai Stock SET50 Exchange Traded Fund,"995,790","240,000",20251204,ice,,,1,48,FALSE,TRUE,,,,,,
1619,NEXT FUNDS TOPIX-17 CONSTRUCTION & MATERIALS ETF,"27,767,175","238,928",20251204,ice,,,1,48,FALSE,TRUE,,,,,,
1652,iFreeETF MSCI Japan Empowering Women Index (WIN),"24,492,537","168,677",20251204,ihs,,,1,48,FALSE,TRUE,,,,,,
2242,MAXIS NY Dow Industrial Average ETF (JPY Hedged),"25,705,223","5,928,500",20251204,ice,,,1,48,FALSE,TRUE,,,,,,
2621,iShares 20+ Year US Treasury Bond JPY Hedged ETF,"2,023,890,782","146,723,852",20251204,ice,,,1,48,FALSE,TRUE,,,,,,
2849,Global X Morningstar Japan High Dividend ESG ETF,"134,524,973","3,998,764",20251205,solactive,,,1,48,FALSE,TRUE,,,,,,
2856,iShares 3-7 Year US Treasury Bond JPY Hedged ETF,"687,659,459","68,307,350",20251204,ice,,,1,48,FALSE,TRUE,,,,,,
183A,MAXIS US Treasury Bond 20+ Year ETF (JPY Hedged),"-70,245,961","13,102,000",20251204,ice,,,1,48,FALSE,TRUE,,,,,,
435A,iFreeETF Japan Equity Dividend Rotation Strategy,"88,951,158","2,136,500",20251204,ihs,,,1,48,FALSE,TRUE,,,,,,
468A,Global X USD Investment Grade Corporate Bond ETF,"393,676","920,000",20251205,solactive,,,1,48,FALSE,TRUE,,,,,,
1325,NEXT FUNDS Ibovespa Linked Exchange Traded Fund,"4,530,307","11,479,416",20251204,ice,,,1,47,FALSE,TRUE,,,,,,
2087,NZAM NASDAQ-100 Notional Net Total Return Index,"276,192,827","5,300,000",20251204,ihs,,,1,47,FALSE,TRUE,,,,,,
2254,Global X China Electric Vehicle and Battery ETF,"171,139","430,000",20251205,solactive,,,1,47,FALSE,TRUE,,,,,,
2838,MAXIS 7-10 Year US Treasury Bond ETF (Unhedged),"1,589,749","691,500",20251204,ice,,,1,47,FALSE,TRUE,,,,,,
354A,iFreeETF Bloomberg Japan High Dividend 50 Index,"709,008,927","16,259,364",20251204,ihs,,,1,47,FALSE,TRUE,,,,,,
381A,IFREEETF US TREASURY BOND 3-5 YEAR (NON HEDGED),"5,108,248,185","12,140,000",20251204,ihs,,,1,47,FALSE,TRUE,,,,,,
382A,IFREEETF US TREASURY BOND 3-5 YEAR (JPY HEDGED),"3,037,723","1,560,000",20251204,ihs,,,1,47,FALSE,TRUE,,,,,,
2091,NZAM Bloomberg German Treasury 7-10 year Index,"5,469,234","212,000",20251204,ihs,,,1,46,FALSE,TRUE,,,,,,
2092,NZAM Bloomberg France Treasury 7-10 year Index,"4,497,844","210,000",20251204,ihs,,,1,46,FALSE,TRUE,,,,,,
2857,iShares Germany Government Bond JPY Hedged ETF,"108,599,464","17,696,050",20251204,ice,,,1,46,FALSE,TRUE,,,,,,
181A,MAXIS US Treasury Bond 1-3 Year ETF (Unhedged),"2,358,442","4,595,000",20251204,ice,,,1,46,FALSE,TRUE,,,,,,
182A,MAXIS US Treasury Bond 20+ Year ETF (Unhedged),"-3,291,985","564,000",20251204,ice,,,1,46,FALSE,TRUE,,,,,,
395A,Sector Restructuring Select ETF Regional Banks,"13,054,521","3,025,500",20251204,ice,,,1,46,FALSE,TRUE,,,,,,
1486,Listed Index Fund US Bond (No Currency Hedge),,"903,509",20251204,ihs,"230,023,512","22,380,980,644",1,45,TRUE,FALSE,,,,,,
1632,NEXT FUNDS TOPIX-17 FINANCIALS (EX BANKS) ETF,"207,695,801","413,463",20251204,ice,,,1,45,FALSE,TRUE,,,,,,
2081,Strategic Shareholding Disposal Promotion ETF,"14,080,445","740,000",20251204,ice,,,1,45,FALSE,TRUE,,,,,,
2528,iFreeETF Tokyo Stock Exchange REIT Core Index,"928,038,535","32,742,919",20251204,ihs,,,1,45,FALSE,TRUE,,,,,,
2839,MAXIS 7-10 Year US Treasury Bond ETF (Hedged),"31,079,173","1,219,100",20251204,ice,,,1,45,FALSE,TRUE,,,,,,
461A,MAXIS Japan Equity High Dividend SMART 50 ETF,"3,413,101","294,900",20251204,ice,,,1,45,FALSE,TRUE,,,,,,
1626,NEXT FUNDS TOPIX-17 IT & SERVICES OTHERS ETF,"20,030,136","69,322",20251204,ice,,,1,44,FALSE,TRUE,,,,,,
1627,NEXT FUNDS TOPIX-17 ELECTRIC POWER & GAS ETF,"3,044,526","290,012",20251204,ice,,,1,44,FALSE,TRUE,,,,,,
1653,iFreeETF MSCI Japan ESG Select Leaders Index,"226,145,719","3,108,987",20251204,ihs,,,1,44,FALSE,TRUE,,,,,,
1678,NEXT FUNDS Nifty Linked Exchange Traded Fund,"96,254,867","173,290,000",20251204,ice,,,1,44,FALSE,TRUE,,,,,,
2624,iFreeETF Nikkei225 (Quarterly Dividend Type),"898,184,932","12,683,809",20251204,ihs,,,1,44,FALSE,TRUE,,,,,,
2847,Global X Japan New Growth Infrastructure ETF,"558,395","35,777",20251205,solactive,,,1,44,FALSE,TRUE,,,,,,
213A,Listed Index Fund Nikkei Semiconductor Stock,,"9,622,913",20251204,ihs,"-106,808","2,029,780,042",1,44,TRUE,FALSE,,,,,,
221A,MAXIS Nikkei Semiconductor Stock (Japan) ETF,"7,604,381","2,775,000",20251204,ice,,,1,44,FALSE,TRUE,,,,,,
273A,SBI Saudi Arabia Equity Exchange Traded Fund,"11,369,078","276,000",20251204,ice,,,1,44,FALSE,TRUE,,,,,,
449A,State Street SPDR S&P 500 ETF (JPY Unhedged),"-11,465,654","420,000",20251204,ice,,,1,44,FALSE,TRUE,,,,,,
1459,Rakuten ETF-Nikkei 225 Double Inverse Index,"25,528,215,642","105,477,300",20251204,ice,,,1,43,FALSE,TRUE,,,,,,
1484,One ETF JPX/S&P CAPEX & Human Capital Index,"2,564,882,118","24,711,427",20251204,ice,,,1,43,FALSE,TRUE,,,,,,
1651,iFreeETF TOPIX High Dividend Yield 40 Index,"1,526,840,064","32,542,595",20251204,ihs,,,1,43,FALSE,TRUE,,,,,,
1656,iShares Core 7-10 Year US Treasury Bond ETF,"264,521,126","116,887,120",20251204,ice,,,1,43,FALSE,TRUE,,,,,,
2011,SMDAM Active ETF Japan High Dividend Equity,"29,471,559","3,320,000",20251204,ice,,,1,43,FALSE,TRUE,,,,,,
2642,SMT ETF Carbon Efficient Index Japan Equity,"58,309,586","65,652",20251204,ice,,,1,43,FALSE,TRUE,,,,,,
170A,SMT ETF Japan Equity Income Strategy Active,"15,306,460","160,000",20251204,ice,,,1,43,FALSE,TRUE,,,,,,
236A,iShares 7-10 Year Japan Government Bond ETF,"65,824,210","31,774,150",20251204,ice,,,1,43,FALSE,TRUE,,,,,,
1328,NEXT FUNDS Gold Price Exchange Traded Fund,"38,188,175,152","3,040,958",20251204,ice,,,1,42,FALSE,TRUE,,,,,,
1469,JPX-Nikkei 400 Bear -2x Double Inverse ETF,"205,765,867","633,000",20251204,ice,,,1,42,FALSE,TRUE,,,,,,
1487,Listed Index Fund US Bond (Currency Hedge),,"5,061,304",20251204,ihs,"65,720,840,494","64,667,035,783",1,42,TRUE,FALSE,,,,,,
1623,NEXT FUNDS TOPIX-17 STEEL & NONFERROUS ETF,"12,272,726","64,132",20251204,ice,,,1,42,FALSE,TRUE,,,,,,
2015,iFreeETF US Treasury 7-10 year (NON-HEDGE),"7,557,204","1,216,000",20251204,ihs,,,1,42,FALSE,TRUE,,,,,,
2086,NZAM S&P 500 in TTM Rates JPY Hedged Index,"982,778,571","5,575,000",20251204,ihs,,,1,42,FALSE,TRUE,,,,,,
2090,NZAM Bloomberg US Treasury 7-10 year Index,"14,248,532","324,000",20251204,ihs,,,1,42,FALSE,TRUE,,,,,,
2252,Global X Morningstar US Small Mid Moat ETF,"66,127","250,000",20251205,solactive,,,1,42,FALSE,TRUE,,,,,,
2636,Global X MSCI Governance-Quality Japan ETF,"6,030,641","443,933",20251205,solactive,,,1,42,FALSE,TRUE,,,,,,
2645,Global X Japan Leisure & Entertainment ETF,"2,127,381","210,526",20251205,solactive,,,1,42,FALSE,TRUE,,,,,,
2837,Global X Japan Mid & Small Cap Leaders ETF,"67,268,443","8,459,656",20251205,solactive,,,1,42,FALSE,TRUE,,,,,,
450A,State Street SPDR S&P 500 ETF (JPY Hedged),"-6,739,084","250,000",20251204,ice,,,1,42,FALSE,TRUE,,,,,,
1320,iFreeETF Nikkei225 (Yearly Dividend Type),"50,538,492,536","117,221,587",20251204,ihs,,,1,41,FALSE,TRUE,,,,,,
1368,iFreeETF TOPIX Double Inverse (-2x) Index,"1,275,348,014","4,868,338",20251204,ihs,,,1,41,FALSE,TRUE,,,,,,
1483,iShares JPX/S&P CAPEX & Human Capital ETF,"139,598,680","5,237,734",20251204,ice,,,1,41,FALSE,TRUE,,,,,,
2016,iFreeETF US Treasury 7-10 year (JP HEDGE),"-183,369,265","6,618,500",20251204,ihs,,,1,41,FALSE,TRUE,,,,,,
2236,Global X S&P 500 Dividend Aristocrats ETF,"7,527,609","4,650,000",20251205,solactive,,,1,41,FALSE,TRUE,,,,,,
179A,Global X 25+ Year T-Bond ETF (JPY Hedged),"-185,785,692","77,900,000",20251204,ice,,,1,41,FALSE,TRUE,,,,,,
283A,Global X US Tech Dividend Aristocrats ETF,"412,359","550,000",20251205,solactive,,,1,41,FALSE,TRUE,,,,,,
379A,Global X S&P 500 ETF (Dynamic Protection),"68,374","120,000",20251205,solactive,,,1,41,FALSE,TRUE,,,,,,
408A,iShares A.I. Global Innovation Active ETF,"1,857,266","27,600,000",20251204,ice,,,1,41,FALSE,TRUE,,,,,,
447A,State Street SPDR Gold ETF (JPY Unhedged),"-11,560","2,080,000",20251204,ice,,,1,41,FALSE,TRUE,,,,,,
1358,Listed Index Fund Nikkei Leveraged Index,,"79,506",20251204,ihs,"-6,386,783,556","6,379,946,444",1,40,TRUE,FALSE,,,,,,
1488,iFreeETF Tokyo Stock Exchange REIT Index,"4,232,840,348","128,054,424",20251204,ihs,,,1,40,FALSE,TRUE,,,,,,
1618,NEXT FUNDS TOPIX-17 ENERGY RESOURCES ETF,"16,545,786","57,419",20251204,ice,,,1,40,FALSE,TRUE,,,,,,
2240,Listed Index Fund S&P500 Futures Inverse,,"63,100",20251204,ihs,"744,750,638","371,656,042",1,40,TRUE,FALSE,,,,,,
2625,iFreeETF TOPIX (Quarterly Dividend Type),"2,202,601,948","27,221,005",20251204,ihs,,,1,40,FALSE,TRUE,,,,,,
178A,Global X Innovative Bluechip Top 10+ ETF,"1,320,971","3,000,000",20251205,solactive,,,1,40,FALSE,TRUE,,,,,,
328A,Global X Japan Pricing Power Leaders ETF,"23,965,602","4,719,049",20251205,solactive,,,1,40,FALSE,TRUE,,,,,,
349A,SMDAM Active ETF Japanese Gross Equities,"6,790,426","1,300,000",20251204,ice,,,1,40,FALSE,TRUE,,,,,,
413A,iFreeETF Cathay Taiwan Tech Leader Index,"1,429,155","420,000",20251204,ihs,,,1,40,FALSE,TRUE,,,,,,
1366,iFreeETF Nikkei225 Double Inverse Index,"6,746,420,559","44,744,616",20251204,ihs,,,1,39,FALSE,TRUE,,,,,,
2556,One ETF Tokyo Stock Exchange REIT Index,"5,287,991,334","87,000,587",20251204,ice,,,1,39,FALSE,TRUE,,,,,,
2560,MAXIS Carbon Efficient Japan Equity ETF,"70,456,400","81,086",20251204,ice,,,1,39,FALSE,TRUE,,,,,,
2567,NZAM ETF S&P JPX Carbon Efficient Index,"2,510,260,648","102,339,008",20251204,ice,,,1,39,FALSE,TRUE,,,,,,
2870,iFreeETF NASDAQ100 Double Inverse (-2x),"8,657,796,112","1,028,324",20251204,ihs,,,1,39,FALSE,TRUE,,,,,,
234A,Global X MSCI Japan Cash Flow Kings ETF,"60,448,666","11,143,513",20251205,solactive,,,1,39,FALSE,TRUE,,,,,,
282A,Global X Japan Semiconductor Top 10 ETF,"5,300,749","1,161,081",20251205,solactive,,,1,39,FALSE,TRUE,,,,,,
448A,State Street SPDR Gold ETF (JPY Hedged),"-15,652","1,520,000",20251204,ice,,,1,39,FALSE,TRUE,,,,,,
1458,Rakuten ETF-Nikkei 225 Leveraged Index,"25,812,479,413","514,300",20251204,ice,,,1,38,FALSE,TRUE,,,,,,
1592,Listed Index Fund JPX-Nikkei Index 400,,"184,409,331",20251204,ihs,"1,147,306,352","513,727,982,952",1,38,TRUE,FALSE,,,,,,
1621,NEXT FUNDS TOPIX-17 PHARMACEUTICAL ETF,"19,310,108","180,398",20251204,ice,,,1,38,FALSE,TRUE,,,,,,
2012,iShares 0-3 Month US Treasury Bond ETF,"21,500,420","78,840,000",20251204,ice,,,1,38,FALSE,TRUE,,,,,,
2553,One ETF Southern China A-Share CSI 500,"1,020,236","1,070,000",20251204,ice,,,1,38,FALSE,TRUE,,,,,,
2561,iShares Core Japan Government Bond ETF,"197,364,821","21,641,072",20251204,ice,,,1,38,FALSE,TRUE,,,,,,
2848,Global X MSCI Japan Climate Change ETF,"50,658,535","4,791,116",20251205,solactive,,,1,38,FALSE,TRUE,,,,,,
356A,Global X S&P 500 Cash Flow Top 100 ETF,"-58,235,037","61,550,000",20251205,solactive,,,1,38,FALSE,TRUE,,,,,,
1305,iFreeETF TOPIX (Yearly Dividend Type),"327,501,029,517","3,620,395,557",20251204,ihs,,,1,37,FALSE,TRUE,,,,,,
1586,Listed Index Fund TOPIX Ex-Financials,,"2,283,514",20251204,ihs,"55,047,959","6,008,050,809",1,37,TRUE,FALSE,,,,,,
2250,iShares MSCI Japan Climate Action ETF,"800,166,615","409,335,588",20251204,ice,,,1,37,FALSE,TRUE,,,,,,
2255,iShares 20+ Year US Treasury Bond ETF,"43,942,703","29,113,000",20251204,ice,,,1,37,FALSE,TRUE,,,,,,
2564,Global X MSCI SuperDividend Japan ETF,"616,502,388","19,099,416",20251205,solactive,,,1,37,FALSE,TRUE,,,,,,
2620,iShares 1-3 Year US Treasury Bond ETF,"89,323,560","33,289,320",20251204,ice,,,1,37,FALSE,TRUE,,,,,,
2626,Global X Digital Innovation Japan ETF,"5,196,175","399,375",20251205,solactive,,,1,37,FALSE,TRUE,,,,,,
2649,iShares Ginnie Mae MBS JPY Hedged ETF,"13,152,746","5,305,000",20251204,ice,,,1,37,FALSE,TRUE,,,,,,
210A,iFreeETF Nikkei High Yield REIT Index,"80,375,044","6,019,840",20251204,ihs,,,1,37,FALSE,TRUE,,,,,,
315A,Global X Japan Bank High Dividend ETF,"57,104,809","5,440,962",20251205,solactive,,,1,37,FALSE,TRUE,,,,,,
1478,iShares MSCI Japan High Dividend ETF,"1,158,174,089","31,549,572",20251204,ice,,,1,36,FALSE,TRUE,,,,,,
1547,Listed Index Fund US Equity (S&P500),,"5,132,209",20251204,ihs,"52,733,653","59,609,391,292",1,36,TRUE,FALSE,,,,,,
1630,NEXT FUNDS TOPIX-17 RETAIL TRADE ETF,"7,111,938","67,291",20251204,ice,,,1,36,FALSE,TRUE,,,,,,
2082,Investor-Management Unite as One ETF,"3,135,093","270,000",20251204,ice,,,1,36,FALSE,TRUE,,,,,,
2249,iFreeETF S&P500 Double Inverse (-2x),"1,745,973,990","190,052",20251204,ihs,,,1,36,FALSE,TRUE,,,,,,
2640,Global X Japan Games & Animation ETF,"8,691,032","1,528,696",20251205,solactive,,,1,36,FALSE,TRUE,,,,,,
2865,Global X Nasdaq 100 Covered Call ETF,"149,048,341","31,390,000",20251205,solactive,,,1,36,FALSE,TRUE,,,,,,
2866,Global X U.S. Preferred Security ETF,"-266,000,657","8,410,000",20251205,solactive,,,1,36,FALSE,TRUE,,,,,,
133A,Global X Ultra Short-Term T-Bill ETF,"2,731","2,340,000",20251205,solactive,,,1,36,FALSE,TRUE,,,,,,
257A,SMT ETF Selected Japan Equity Active,"5,871,532","160,000",20251204,ice,,,1,36,FALSE,TRUE,,,,,,
1367,iFreeETF TOPIX Leveraged (2x) Index,"2,991,328,780","56,939",20251204,ihs,,,1,35,FALSE,TRUE,,,,,,
1578,Listed Index Fund Nikkei 225 (Mini),,"6,111,355",20251204,ihs,"1,137,953","24,454,453,473",1,35,TRUE,FALSE,,,,,,
1633,NEXT FUNDS TOPIX-17 REAL ESTATE ETF,"15,811,580","48,367",20251204,ice,,,1,35,FALSE,TRUE,,,,,,
2241,MAXIS NY Dow Industrial Average ETF,"11,527,807","4,843,320",20251204,ice,,,1,35,FALSE,TRUE,,,,,,
2630,MAXIS S&P500 US Equity (JPY Hedged),"458,706,001","3,916,102",20251204,ice,,,1,35,FALSE,TRUE,,,,,,
235A,Global X Japan High Dividend 30 ETF,"76,239,310","11,351,610",20251205,solactive,,,1,35,FALSE,TRUE,,,,,,
1365,iFreeETF Nikkei225 Leveraged Index,"9,846,930,441","151,709",20251204,ihs,,,1,34,FALSE,TRUE,,,,,,
1457,iFreeETF TOPIX Inverse (-1x) Index,"14,782,368,182","6,526,964",20251204,ihs,,,1,34,FALSE,TRUE,,,,,,
1494,One ETF High Dividend Japan Equity,"2,170,811,078","2,039,099",20251204,ice,,,1,34,FALSE,TRUE,,,,,,
1550,MAXIS Global Equity (MSCI Kokusai),"25,182,219","4,897,200",20251204,ice,,,1,34,FALSE,TRUE,,,,,,
2098,Global X Hotel & Retail J-REIT ETF,"9,805,383","998,685",20251205,solactive,,,1,34,FALSE,TRUE,,,,,,
394A,Sector Restructuring Select ETF TV,"-1,154,873","240,000",20251204,ice,,,1,34,FALSE,TRUE,,,,,,
452A,iShares S&P 500 Premium Income ETF,"31,530,310","1,360,000",20251204,ice,,,1,34,FALSE,TRUE,,,,,,
459A,Nomura High-Yield J-REIT Index ETF,"2,396,574","30,600",20251204,ice,,,1,34,FALSE,TRUE,,,,,,
1624,NEXT FUNDS TOPIX-17 MACHINERY ETF,"5,268,623","26,642",20251204,ice,,,1,33,FALSE,TRUE,,,,,,
1654,iFreeETF FTSE Blossom Japan Index,"49,782,784","948,002",20251204,ihs,,,1,33,FALSE,TRUE,,,,,,
2566,Listed Index Fund Nikkei ESG-REIT,,"31,904,601",20251204,ihs,"1,668,159","35,838,268,159",1,33,TRUE,FALSE,,,,,,
2639,Global X Japan Bio & Med Tech ETF,"3,386,027","413,815",20251205,solactive,,,1,33,FALSE,TRUE,,,,,,
2641,Global X Japan Global Leaders ETF,"185,638,607","29,947,718",20251205,solactive,,,1,33,FALSE,TRUE,,,,,,
2646,Global X Japan Metal Business ETF,"13,682,595","694,022",20251205,solactive,,,1,33,FALSE,TRUE,,,,,,
2868,Global X S&P 500 Covered Call ETF,"2,445,596","5,870,000",20251205,solactive,,,1,33,FALSE,TRUE,,,,,,
2869,iFreeETF NASDAQ100 Leveraged (2x),"11,093,375,674","267,700",20251204,ihs,,,1,33,FALSE,TRUE,,,,,,
1456,iFreeETF Nikkei225 Inverse Index,"7,745,541,675","4,316,105",20251204,ihs,,,1,32,FALSE,TRUE,,,,,,
2638,Global X Japan Robotics & AI ETF,"4,772,697","1,595,778",20251205,solactive,,,1,32,FALSE,TRUE,,,,,,
2644,Global X Japan Semiconductor ETF,"100,741,605","16,305,169",20251205,solactive,,,1,32,FALSE,TRUE,,,,,,
348A,MAXIS Yomiuri333 Japan Stock ETF,"7,017,363","2,722,600",20251204,ice,,,1,32,FALSE,TRUE,,,,,,
1321,Nikkei 225 Exchange Traded Fund,"191,848,215,488","258,857,034",20251204,ice,,,1,31,FALSE,TRUE,,,,,,
1566,Listed Index Fund Emerging Bond,,"371,261",20251204,ihs,"372,696,319","19,809,404,060",1,31,TRUE,FALSE,,,,,,
2097,Global X Residential J-REIT ETF,"3,859,829","374,817",20251205,solactive,,,1,31,FALSE,TRUE,,,,,,
2253,Global X SuperDividend U.S. ETF,"-871,809","1,120,000",20251205,solactive,,,1,31,FALSE,TRUE,,,,,,
2840,iFreeETF NASDAQ100 (NON HEDGED),"42,593,379","4,326,766",20251204,ihs,,,1,31,FALSE,TRUE,,,,,,
2841,iFreeETF NASDAQ100 (JPY HEDGED),"43,004,417","14,596,460",20251204,ihs,,,1,31,FALSE,TRUE,,,,,,
426A,NISSAY ETF S&P 500 EQUAL WEIGHT,"202,653,899","5,170,000",20251204,ihs,,,1,31,FALSE,TRUE,,,,,,
1593,MAXIS JPX-Nikkei Index 400 ETF,"17,837,333,866","32,422,555",20251204,ice,,,1,30,FALSE,TRUE,,,,,,
2237,iFreeETF S&P500 Leveraged (2x),"1,528,659,176","19,278",20251204,ihs,,,1,30,FALSE,TRUE,,,,,,
2559,MAXIS World Equity (MSCI ACWI),"207,514,395","3,295,900",20251204,ice,,,1,30,FALSE,TRUE,,,,,,
2563,iShares S&P 500 JPY Hedged ETF,"534,295,127","241,173,240",20251204,ice,,,1,30,FALSE,TRUE,,,,,,
2854,Global X Japan Tech Top 20 ETF,"14,914,373","4,321,749",20251205,solactive,,,1,30,FALSE,TRUE,,,,,,
258A,SMT ETF Selected J-REIT Active,"113,806,299","620,000",20251204,ice,,,1,30,FALSE,TRUE,,,,,,
404A,Global X China Tech Top 10 ETF,"-945,467","900,000",20251204,ice,,,1,30,FALSE,TRUE,,,,,,
424A,Global X Gold ETF (JPY Hedged),"25,521,850","7,020,000",20251205,solactive,,,1,30,FALSE,TRUE,,,,,,
1311,TOPIX Core 30 Exchange Traded,"439,215,534","9,455,359",20251204,ice,,,1,29,FALSE,TRUE,,,,,,
1617,NEXT FUNDS TOPIX-17 FOODS ETF,"16,211,019","80,491",20251204,ice,,,1,29,FALSE,TRUE,,,,,,
1631,NEXT FUNDS TOPIX-17 BANKS ETF,"476,453,812","622,347",20251204,ice,,,1,29,FALSE,TRUE,,,,,,
2523,MAXIS TOPIX Ex-Financials ETF,"18,635,543","326,706",20251204,ice,,,1,29,FALSE,TRUE,,,,,,
2565,Global X Logistics J-REIT ETF,"194,484,199","28,904,884",20251205,solactive,,,1,29,FALSE,TRUE,,,,,,
2627,Global X E-Commerce Japan ETF,"1,617,358","356,597",20251205,solactive,,,1,29,FALSE,TRUE,,,,,,
295A,One ETF FTSE Saudi Arabia ETF,"13,472,432","2,030,000",20251204,ice,,,1,29,FALSE,TRUE,,,,,,
383A,MAXIS S&P500 Equal Weight ETF,"5,815,831","676,500",20251204,ice,,,1,29,FALSE,TRUE,,,,,,
1493,One ETF JPX-Nikkei Mid Small,"35,078,220","26,778",20251204,ice,,,1,28,FALSE,TRUE,,,,,,
1495,Listed Index Fund Asian REIT,,"428,000",20251204,ihs,"3,340,934","4,990,804,512",1,28,TRUE,FALSE,,,,,,
1585,iFreeETF TOPIX Ex-Financials,"25,878,255","2,273,780",20251204,ihs,,,1,28,FALSE,TRUE,,,,,,
1596,NZAM ETF TOPIX Ex-Financials,"61,018,373","1,294,035",20251204,ice,,,1,28,FALSE,TRUE,,,,,,
2247,iFreeETF S&P500 (NON HEDGED),"42,794,877","3,752,160",20251204,ihs,,,1,28,FALSE,TRUE,,,,,,
2248,iFreeETF S&P500 (JPY HEDGED),"-285,936,332","11,877,675",20251204,ihs,,,1,28,FALSE,TRUE,,,,,,
2632,MAXIS NASDAQ100 (JPY Hedged),"105,656,738","696,341",20251204,ice,,,1,28,FALSE,TRUE,,,,,,
2637,Global X CleanTech Japan ETF,"5,086,535","416,375",20251205,solactive,,,1,28,FALSE,TRUE,,,,,,
2852,iShares Japan Green REIT ETF,"146,247,787","76,037,502",20251204,ice,,,1,28,FALSE,TRUE,,,,,,
2867,Global X Autonomous & EV ETF,"2,963","150,000",20251205,solactive,,,1,28,FALSE,TRUE,,,,,,
180A,Global X 25+ Year T-Bond ETF,"-15,816,027","3,200,000",20251204,ice,,,1,28,FALSE,TRUE,,,,,,
1660,MAXIS High Yield J-REIT ETF,"1,484,049,888","4,700,685",20251204,ice,,,1,27,FALSE,TRUE,,,,,,
2018,Global X US REIT Top 20 ETF,"-130,381","250,000",20251205,solactive,,,1,27,FALSE,TRUE,,,,,,
2080,PBR Improvement over 1x ETF,"237,963,723","6,150,000",20251204,ice,,,1,27,FALSE,TRUE,,,,,,
2244,Global X US Tech Top 20 ETF,"166,112,629","30,750,000",20251205,solactive,,,1,27,FALSE,TRUE,,,,,,
2864,Global X Logistics REIT ETF,"6,416","100,000",20251205,solactive,,,1,27,FALSE,TRUE,,,,,,
188A,Global X India Top 10+ ETF ,"-4,307,051","2,750,000",20251205,solactive,,,1,27,FALSE,TRUE,,,,,,
1364,iShares JPX-Nikkei 400 ETF,"2,912,175,501","141,695,685",20251204,ice,,,1,26,FALSE,TRUE,,,,,,
2096,Global X Office J-REIT ETF,"2,046,444","272,946",20251205,solactive,,,1,26,FALSE,TRUE,,,,,,
2243,Global X Semiconductor ETF,"-658,703,900","4,500,000",20251205,solactive,,,1,26,FALSE,TRUE,,,,,,
2527,NZAM ETF J-REIT Core Index,"1,788,562,848","34,178,754",20251204,ice,,,1,26,FALSE,TRUE,,,,,,
2836,Global X Japan Fintech ETF,"893,259","127,098",20251205,solactive,,,1,26,FALSE,TRUE,,,,,,
2842,iFreeETF NASDAQ100 Inverse,"2,485,718,621","200,138",20251204,ihs,,,1,26,FALSE,TRUE,,,,,,
2851,iShares MSCI Japan SRI ETF,"10,067,316","3,754,032",20251204,ice,,,1,26,FALSE,TRUE,,,,,,
313A,iShares S&P 500 Top 20 ETF,"739,115","8,100,000",20251204,ice,,,1,26,FALSE,TRUE,,,,,,
1343,NEXT FUNDS REIT INDEX ETF,"12,550,717,036","268,311,662",20251204,ice,,,1,25,FALSE,TRUE,,,,,,
2855,Global X Green J-REIT ETF,"174,816,446","14,981,535",20251205,solactive,,,1,25,FALSE,TRUE,,,,,,
392A,iShares Nasdaq Top 30 ETF,"-286,918","11,900,000",20251204,ice,,,1,25,FALSE,TRUE,,,,,,
466A,Global X Defense Tech ETF,"977,766","1,290,000",20251205,solactive,,,1,25,FALSE,TRUE,,,,,,
1573,China Bear -1x HSCEI ETF,"789,480,183","102,000",20251204,ice,,,1,24,FALSE,TRUE,,,,,,
1308,Listed Index Fund TOPIX,,"3,862,902,792",20251204,ihs,"-18,673,846","13,342,883,962,364",1,23,TRUE,FALSE,,,,,,
1551,TSE STANDARD TOP 20 ETF,"3,190,476","116,229",20251204,ice,,,1,23,FALSE,TRUE,,,,,,
1572,China Bull 2x HSCEI ETF,"2,613,397,475","315,000",20251204,ice,,,1,23,FALSE,TRUE,,,,,,
1580,Nikkei 225 Bear -1x ETF,"15,885,830,002","14,182,000",20251204,ice,,,1,23,FALSE,TRUE,,,,,,
2238,iFreeETF S&P500 Inverse,"3,306,925,684","647,923",20251204,ihs,,,1,23,FALSE,TRUE,,,,,,
2526,NZAM ETF JPX-Nikkei 400,"1,539,929,191","2,132,229",20251204,ice,,,1,23,FALSE,TRUE,,,,,,
380A,Global X China Tech ETF,"161,731","1,900,000",20251204,ice,,,1,23,FALSE,TRUE,,,,,,
1329,iShares Nikkei 225 ETF,"9,154,741,784","265,838,832",20251204,ice,,,1,22,FALSE,TRUE,,,,,,
1360,Nikkei225 Bear -2x ETF,"54,537,137,621","369,850,000",20251204,ice,,,1,22,FALSE,TRUE,,,,,,
1476,iShares Japan REIT ETF,"3,786,396,501","194,355,187",20251204,ice,,,1,22,FALSE,TRUE,,,,,,
1579,Nikkei 225 Bull 2x ETF,"34,130,861,406","74,970,000",20251204,ice,,,1,22,FALSE,TRUE,,,,,,
1599,iFreeETF JPX-Nikkei400,"8,905,455,011","18,045,540",20251204,ihs,,,1,22,FALSE,TRUE,,,,,,
2017,iFreeETF JPX Prime 150,"271,310,386","11,413,121",20251204,ihs,,,1,22,FALSE,TRUE,,,,,,
2558,MAXIS S&P500 US Equity,"356,088,372","3,327,700",20251204,ice,,,1,22,FALSE,TRUE,,,,,,
1330,Listed Index Fund 225,,"126,839,505",20251204,ihs,"-14,950,852","6,570,946,456,598",1,21,TRUE,FALSE,,,,,,
1474,One ETF JPX-Nikkei400,"9,283,181,157","10,350,707",20251204,ice,,,1,21,FALSE,TRUE,,,,,,
1545,NEXT FUNDS NASDAQ-100,"146,921,070","2,466,674",20251204,ice,,,1,21,FALSE,TRUE,,,,,,
1595,NZAM ETF J-REIT Index,"5,949,470,470","96,599,223",20251204,ice,,,1,21,FALSE,TRUE,,,,,,
2517,MAXIS J-REIT Core ETF,"1,619,798,432","55,073,034",20251204,ice,,,1,21,FALSE,TRUE,,,,,,
2094,TSE REIT Inverse ETF,"481,255,365","640,000",20251204,ice,,,1,20,FALSE,TRUE,,,,,,
224A,Global X Uranium ETF,"420,043","750,000",20251205,solactive,,,1,20,FALSE,TRUE,,,,,,
363A,IFREEETF FTSE100 ETF,"497,788,869","269,500",20251204,ihs,,,1,20,FALSE,TRUE,,,,,,
1346,MAXIS NIKKEI225 ETF,"29,628,818,367","60,644,858",20251204,ice,,,1,19,FALSE,TRUE,,,,,,
1398,SMAM REIT Index ETF,"1,678,434,807","73,732,426",20251204,ice,,,1,19,FALSE,TRUE,,,,,,
1563,TSE Growth Core ETF,"981,743","1,163,190",20251204,ice,,,1,19,FALSE,TRUE,,,,,,
1655,iShares S&P 500 ETF,"92,622,145","190,241,700",20251204,ice,,,1,19,FALSE,TRUE,,,,,,
2525,NZAM ETF Nikkei 225,"4,690,093,166","2,550,723",20251204,ice,,,1,19,FALSE,TRUE,,,,,,
2628,iFreeETF STAR50 ETF,"3,377,159","406,154",20251204,ihs,,,1,19,FALSE,TRUE,,,,,,
2629,iFreeETF GBA100 ETF,"1,636,568","191,506",20251204,ihs,,,1,19,FALSE,TRUE,,,,,,
1356,TOPIX Bear -2x ETF,"3,962,613,570","21,950,000",20251204,ice,,,1,18,FALSE,TRUE,,,,,,
1397,SMAM NIKKEI225 ETF,"2,435,047,942","3,512,252",20251204,ice,,,1,18,FALSE,TRUE,,,,,,
1569,TOPIX Bear -1x ETF,"6,511,136,017","6,866,000",20251204,ice,,,1,18,FALSE,TRUE,,,,,,
316A,iFreeETF FANG+ PCF,"596,128,314","25,093,500",20251204,ihs,,,1,18,FALSE,TRUE,,,,,,
1369,One ETF Nikkei225,"13,539,371,675","10,342,332",20251204,ice,,,1,17,FALSE,TRUE,,,,,,
1475,iShares TOPIX ETF,"15,132,898,106","6,620,215,441",20251204,ice,,,1,17,FALSE,TRUE,,,,,,
1568,TOPIX Bull 2x ETF,"18,196,052,714","26,710,000",20251204,ice,,,1,17,FALSE,TRUE,,,,,,
360A,TSE REIT Core ETF,"9,765,619","1,331,280",20251204,ice,,,1,17,FALSE,TRUE,,,,,,
425A,Global X Gold ETF,"4,557,140","25,890,000",20251205,solactive,,,1,17,FALSE,TRUE,,,,,,
1597,MAXIS J-REIT ETF,"4,242,386,844","119,334,159",20251204,ice,,,1,16,FALSE,TRUE,,,,,,
233A,iFreeETF Nifty50,"1,144,747,965","2,337,000",20251204,ihs,,,1,16,FALSE,TRUE,,,,,,
314A,iShares Gold ETF,"15,822,609","177,100,000",20251204,ice,,,1,16,FALSE,TRUE,,,,,,
1348,MAXIS TOPIX ETF,"89,098,304,428","1,164,050,227",20251204,ice,,,1,15,FALSE,TRUE,,,,,,
2516,TSE Mothers ETF,"3,831,026,696","24,370,000",20251204,ice,,,1,15,FALSE,TRUE,,,,,,
2557,SMDAM TOPIX ETF,"2,384,693,078","27,905,089",20251204,ice,,,1,15,FALSE,TRUE,,,,,,
2631,MAXIS NASDAQ100,"168,187,529","1,161,763",20251204,ice,,,1,15,FALSE,TRUE,,,,,,
2089,NZAM DAX Index,"209,873,899","2,825,000",20251204,ihs,,,1,14,FALSE,TRUE,,,,,,
2524,NZAM ETF TOPIX,"8,499,381,652","81,980,454",20251204,ice,,,1,14,FALSE,TRUE,,,,,,
1473,One ETF TOPIX,"21,095,889,859","218,427,437",20251204,ice,,,1,13,FALSE,TRUE,,,,,,
2555,TSE REIT ETF,"1,201,839,572","32,547,044",20251204,ice,,,1,12,FALSE,TRUE,,,,,,
1498,One ETF ESG,"203,040,545","324,884",20251204,ice,,,1,11,FALSE,TRUE,,,,,,
1615,TOPIX Banks,"10,672,158,222","430,127,037",20251204,ice,,,1,11,FALSE,TRUE,,,,,,
1319,Nikkei 300,"33,761,132","5,171,040",20251204,ice,,,1,10,FALSE,TRUE,,,,,,
1306,TOPIX ETF,"562,537,286,670","8,141,966,522",20251204,ice,,,1,9,FALSE,TRUE,,,,,,
